OPEN,CLOSE,HIGH,LOW,VOLUME,Return,QPL,QPL+,QPL-,MA5,MA21,RSI
208.66999799999999254,208.10000600000000759,208.92999299999999607,206.58999600000001351,10284200,,209.82744788524524893,209.42852599871437747,207.91421730957176806,208.10000600000000759,208.10000600000000759,
207.86000100000001112,204.41000399999998649,207.89999399999999241,203.89999399999999241,10524300,-0.01773186878235855,209.01295799722262814,208.61558461088065997,207.10715403314378591,206.25500499999998283,206.25500499999998283,
204.00000000000000000,205.25000000000000000,205.55999800000000732,203.60000600000000759,8953500,0.00410936834578801,205.13154635957792493,204.74155227498366116,203.26113354902432206,205.92000333333331241,205.92000333333331241,
206.75000000000000000,209.77999900000000366,209.78999300000000972,206.27000400000000013,12077100,0.02207064068209497,207.89680004824870707,207.50154869045525174,206.00117333951362752,206.88500225000001365,206.88500225000001365,
207.21000699999999028,208.66999799999999254,210.39999399999999241,206.94999699999999621,11188400,-0.00529126229998700,208.35935861318120033,207.96322784357954561,206.45951424275131103,207.24200139999999237,207.24200139999999237,
206.69999699999999621,212.60000600000000759,212.77999900000000366,206.52000400000000013,17058900,0.01883360347758289,207.84651969181430786,207.45136392654148949,205.95135144509768566,208.14200139999996964,208.13500216666668052,
212.82000700000000393,213.05999800000000732,214.58000200000000746,211.75000000000000000,14912400,0.00216364998597407,214.00047613806961522,213.59362053114162450,212.04919541534948735,209.87200020000000222,208.83857299999999668,
213.00000000000000000,215.22000099999999634,216.24000499999999647,212.61000100000001112,13475000,0.01013800347449534,214.18146752250046916,213.77426781652704335,212.22853649971659706,211.86600040000001854,209.63625150000001440,
217.53999300000000972,218.30000300000000379,218.38000500000001125,216.27999900000000366,12642800,0.01431094687152235,218.74664293696940831,218.33076396426019983,216.75208612464126645,213.57000119999997878,210.59889055555555615,
219.19999699999999621,218.05999800000000732,219.88000500000001125,217.41999799999999254,12119400,-0.00109942737838620,220.41585464031786046,219.99680217868510113,218.40607776550359631,215.44800119999999310,211.34500130000000695,
219.60000600000000759,221.91000399999998649,221.97000099999999634,219.21000699999999028,14463400,0.01765571877149141,220.81808240859115244,220.39826523546923909,218.80463797515955093,217.31000079999998320,212.30545609090907533,
221.61000100000001112,219.05999800000000732,222.38000500000001125,218.63000500000001125,13288900,-0.01284307128397866,222.83922644057653883,222.41556668823864129,220.80735298559028479,218.51000080000000025,212.86833458333333624,
220.61000100000001112,221.14999399999999241,221.67999299999999607,220.13999899999998888,10036500,0.00954074691445950,221.83367964469624667,221.41193162806715122,219.81097487995782558,219.69599939999997673,213.50538530769230761,
222.57000700000000393,221.77000400000000013,222.63000500000001125,220.38999899999998888,10015300,0.00280357231210249,223.80455739790238567,223.37906236781361713,221.76388194526609254,220.38999960000001010,214.09571521428571828,
222.02999900000000366,222.13999899999998888,222.28999300000000972,220.52999900000000366,15905900,0.00166837260822694,223.26155408375265665,222.83709140624054612,221.22582979719970808,221.20599979999997231,214.63200079999998593,73.54121916949686977
222.16000399999998649,221.44000199999999268,222.36999499999998875,219.11999499999998875,14275800,-0.00315115244058317,223.39228019495104149,222.96756898223810595,221.35536393282242784,221.11199940000000197,215.05750087499998813,81.73683906860142656
222.30999800000000732,221.32000700000000393,222.75000000000000000,221.27999900000000366,12212800,-0.00054188493007690,223.54310618105233743,223.11810821945348948,221.50481467039870154,221.56400119999997855,215.42588358823530825,80.77364566814694058
220.75000000000000000,219.75999500000000353,221.49000499999999647,219.27000400000000013,11195000,-0.00704867138378507,221.97445519057268370,221.55243953285608427,219.95046681836825542,221.28600139999997509,215.66666755555556279,71.56435592904213649
220.80000300000000379,217.94000199999999268,221.77999900000000366,216.11000100000001112,11905800,-0.00828173025759316,222.02473554700708291,221.60262429676984652,220.00028871278419729,220.52000100000000771,215.78631673684211023,69.43395435307814978
213.10000600000000759,214.86999499999998875,216.05999800000000732,212.50000000000000000,13810700,-0.01408647780043615,214.28202823536929600,213.87463734435456786,212.32818028854848080,219.06600020000001905,215.74050065000000131,54.93690109607997840
216.13999899999998888,217.78999300000000972,218.74000499999999647,213.52000400000000013,13413800,0.01358960333200554,217.33888345601775427,216.92568090183044660,215.35716275502443295,218.33599839999996561,215.83809552380949981,59.29271189321033830
221.44000199999999268,223.22999599999999987,224.19999699999999621,218.44999699999999621,33181300,0.02497820457710365,222.66828449082365182,222.24494973164453882,220.63796970401085673,218.71799620000001596,216.55857123809522591,63.94011143394413210
206.52999900000000366,209.52999900000000366,211.42999299999999607,204.75000000000000000,48775500,-0.06137166709441677,207.67557874760825598,207.28074797358246428,205.78196915989639137,216.67199700000000462,216.80238052380951785,38.85641735379040540
208.42999299999999607,201.91000399999998649,208.69000199999999268,201.05999800000000732,31359900,-0.03636708364609886,209.58611162650001347,209.18764856609791991,207.67508158232945448,213.46599740000002043,216.64333309523811977,32.71989028035727642
203.44000199999999268,204.19000199999999268,205.13999899999998888,202.50000000000000000,15495600,0.01129214974410098,204.56844216497856337,204.17951864855774602,202.70316380262636358,211.32999879999997006,216.37714276190473583,30.38086667932388707
206.61999499999998875,209.83000200000000746,210.60000600000000759,205.19999699999999621,19628900,0.02762133280159329,207.76607393705026539,207.37107111445763508,205.87163920389087934,209.73800059999999235,216.43238104761908858,40.37539440045000561
212.50999500000000353,210.11000100000001112,212.72999599999999987,208.71000699999999028,12538200,0.00133440879441071,213.68874456478516777,213.28248161886773460,211.74030624606615447,207.11400159999999460,216.31380938095239230,38.03641824959731110
210.47000099999999634,210.85000600000000759,211.19000199999999268,209.33999600000001351,10567500,0.00352198846546092,211.63743513447016653,211.23507211792824023,209.70770088884452775,207.37800299999997833,216.20857166666667126,38.19714719375019030
210.30000300000000379,212.33000200000000746,212.82000700000000393,209.92999299999999607,12242500,0.00701918879717756,211.46649419026411465,211.06445616496921502,209.53831860364323347,209.46200260000000526,216.07095266666667044,39.64534722876794604
211.52000400000000013,213.05999800000000732,213.80000300000000379,210.66000399999998649,11856400,0.00343802568230567,212.69326228678485791,212.28889194201349255,210.75390088889295725,211.23600179999999682,215.82142861904762299,41.16033221438806322
210.19000199999999268,207.19000199999999268,210.86000100000001112,206.50999500000000353,25030800,-0.02755090610673905,211.35588303717045733,210.95405530471529687,209.42871601564553430,210.70800180000000523,215.30380976190477327,36.70742584265531150
207.85000600000000759,210.75999500000000353,211.22000099999999634,207.39999399999999241,13813700,0.01723052736878694,209.00290755699779766,208.60555327845426632,207.09719523397799890,210.83800060000004351,214.77285695238094831,41.84191088117951551
209.52000400000000013,213.13999899999998888,214.33000200000000746,209.17999299999999607,15396600,0.01129248461027910,210.68216869502427357,210.28162182167051242,208.76114467762801041,211.29599920000001134,214.49095223809524668,45.69274576463918436
214.00000000000000000,214.17999299999999607,214.92999299999999607,212.64999399999999241,10741700,0.00487939384854741,215.18701431838076132,214.77790287669853342,213.22491460534905627,211.66599740000000907,214.15904742857142651,49.35742006505721946
213.55000300000000379,217.80000300000000379,217.97999599999999987,213.39999399999999241,15609200,0.01690171873336466,214.73452127687502866,214.32627011052656485,212.77654744694876854,212.61399839999998562,213.96999976190477355,50.00920206157066872
217.99000499999999647,217.49000499999999647,218.32000700000000393,216.11000100000001112,12135100,-0.00142331494825554,219.19915106167707108,218.78241178495807162,217.20046822871313452,214.67399900000000912,213.74857147619044895,44.17377871095809638
216.52000400000000013,214.58000200000000746,218.77000400000000013,212.94999699999999621,13109200,-0.01337993899995538,217.72099626618626189,217.30706724287094289,215.73579141705531015,215.43800040000002127,213.42190480952382359,56.56356213481433315
213.47999599999999987,210.17999299999999607,214.24000499999999647,208.83000200000000746,14092300,-0.02050521464716926,214.66412596233584509,214.25600863086913250,212.70679400490774924,214.84599919999999429,212.89142795238097960,61.73048051828423866
201.80000300000000379,200.72000099999999634,203.64999399999999241,198.16999799999999254,23080100,-0.04500900330698931,202.91934642528170230,202.53355815351156366,201.06910470576721650,212.15400080000000571,211.98476157142854959,45.91091043022749574
202.25000000000000000,196.77000400000000013,203.50000000000000000,195.94999699999999621,21433500,-0.01967913999761284,203.37183946678743496,202.98519091968356065,201.51747186416750424,207.94800099999997656,210.97666642857140573,33.97152606215533410
197.19000199999999268,197.19999699999999621,201.21000699999999028,195.49000499999999647,16524500,0.00218525685449489,198.28377469072677286,197.90679952248592599,196.47580064242339404,203.88999939999999356,210.13523795238094749,34.21373389562910461
191.82000700000000393,189.75000000000000000,195.88000500000001125,189.50000000000000000,21682600,-0.03777889002706225,192.88399342458365027,192.51728426754036150,191.12525519706755972,198.92399900000000912,208.80000019047622573,27.83611790744944869
182.69999699999999621,192.47000099999999634,192.74000499999999647,181.82000700000000393,32568900,0.01433465612648210,183.71339659068749484,183.36412248242575629,182.03827690991835198,195.38200059999999780,207.33523852380955077,29.66829656758889655
194.02999900000000366,196.44000199999999268,196.57000700000000393,188.85000600000000759,24949000,0.02062659624551055,195.10624379910470338,194.73530972143885265,193.32724283949048072,194.52600080000001981,206.71190533333333406,34.04377896554045435
196.22000099999999634,185.88999899999998888,197.24000499999999647,183.97000099999999634,27984100,-0.05370598092337631,197.30839329317609554,196.93327251048452808,195.50931288358179927,192.34999979999997777,205.94904795238093698,31.23678217378278532
189.16999799999999254,191.75999500000000353,191.83000200000000746,186.38999899999998888,23062500,0.03157779348850287,190.21928536557970801,189.85764232537036378,188.48484424973855766,191.26199940000000765,205.35714285714286120,33.91466250980910502
186.77999900000000366,185.16999799999999254,188.99000499999999647,183.88999899999998888,19333400,-0.03436585926068680,187.81602952897264913,187.45895553519557097,186.10350157365505197,190.34599900000000616,204.18285695238094490,27.89631343554326293
178.33000200000000746,181.08999600000001351,183.77999900000000366,176.25999500000000353,24559600,-0.02203381781102565,179.31916212042463599,178.97824228765168186,177.68410957019497687,188.06999799999999823,202.80095195238095585,25.04901410117651039
169.60000600000000759,169.50000000000000000,175.00000000000000000,165.19000199999999268,29949000,-0.06400130463308429,170.54074261457694206,170.21651222689482097,168.98573269353593673,182.68199759999998832,200.83190404761904801,17.48787509852083133
174.66999799999999254,178.19000199999999268,178.28999300000000972,169.50000000000000000,24517800,0.05126844837758116,175.63885682531559951,175.30493395288377201,174.03736171806770017,181.14199819999998908,199.20618976190476701,26.22791662844281291
174.00999500000000353,170.24000499999999647,175.88000500000001125,167.66000399999998649,20373900,-0.04461528094039757,174.97519292339424624,174.64253180226540962,173.37974917921596330,176.83800020000001041,197.16714247619049161,24.72063535063627171
159.53999300000000972,154.47000099999999634,166.60000600000000759,154.33999600000001351,43266300,-0.09263394934698221,160.42492877591294587,160.11993047431386117,158.96215599795789331,170.69800079999998843,194.65666623809522662,21.88351449921589165
163.52999900000000366,170.27999900000000366,170.78999300000000972,157.60000600000000759,35028600,0.10234995725804397,164.43706652475603391,164.12444038620844822,162.93771061770007691,168.53600140000000351,192.72904738095238031,35.56250871751224452
152.32000700000000393,146.00999500000000353,159.13000500000001125,143.10000600000000759,39120400,-0.14252997499723974,153.16489498731243657,152.87369939076654646,151.76832002458490933,163.83800039999999854,189.53238052380953604,29.81548726212331246
150.74000499999999647,149.41999799999999254,153.94000199999999268,140.00000000000000000,34255600,0.02335458610213625,151.57612903872797006,151.28795398842547115,150.19404062492938579,158.08399959999999851,186.44857123809521227,31.44033614480783001
139.75000000000000000,146.96000699999999028,148.17999299999999607,137.10000600000000759,37553100,-0.01646359947080178,140.52516472426967198,140.25799965896553090,139.24384026213797938,153.42799999999999727,183.07523809523809177,32.70831862556852343
146.61999499999998875,153.13000500000001125,159.92999299999999607,144.80000300000000379,39862300,0.04198419778246221,147.43326618423324703,147.15296750416834470,146.08895286594253093,153.16000079999997752,180.01047619047616877,34.53373231852381764
156.02000400000000013,149.72999599999999987,159.27000400000000013,148.00000000000000000,32568400,-0.02220341467369513,156.88541511542908324,156.58714610249586485,155.45491602629073213,149.05000019999999950,176.92238066666666896,31.55358739436064752
149.66000399999998649,148.10000600000000759,152.30999800000000732,142.25000000000000000,29830800,-0.01088619544209424,150.49013749363047054,150.20402711980520394,149.11795127446819720,149.46800239999998894,173.96619080952382319,33.94511123533391128
155.21000699999999028,160.97999599999999987,161.30999800000000732,152.57000700000000393,30440400,0.08696819364072139,156.07092522740643403,155.77420471466214735,154.64785274986274999,151.78000200000002451,172.07380961904760852,37.65837863279224962
158.91999799999999254,156.21000699999999028,162.99000499999999647,153.05999800000000732,35184300,-0.02963094246815612,159.80149479020113290,159.49768175518283897,158.34440655435625445,153.63000200000001882,170.14238119047618625,38.21614690621717614
158.25000000000000000,163.33999600000001351,164.00000000000000000,157.02000400000000013,26556800,0.04564361231992020,159.12778044805494915,158.82524827213805452,157.67683521633873056,155.67200020000001359,168.53000019047618707,42.95243165327774193
158.19999699999999621,156.78999300000000972,160.08999600000001351,154.75000000000000000,24879900,-0.04010042341374864,159.07750009162052152,158.77506350822429226,157.62701332192278869,157.08399960000002693,166.96047604761903926,44.74315060405302802
159.17999299999999607,165.94999699999999621,166.75000000000000000,158.05999800000000732,22515200,0.05842212136587044,160.06293192939602932,159.75862185265211224,158.60345987993019889,160.65399780000001329,165.69761871428570998,44.95714892610099866
165.47999599999999987,166.80000300000000379,170.92999299999999607,164.19999699999999621,23676300,0.00512206095430057,166.39787976008219061,166.08152574263766610,164.88064493454908188,161.81799919999997428,164.28619019047619076,48.49466013375217699
161.61999499999998875,159.60000600000000759,164.14999399999999241,158.03999300000000972,19507600,-0.04316544886393070,162.51646812243748741,162.20749340674066730,161.03462445042961804,162.49599900000004027,163.03428576190475496,52.42691191579569221
159.10000600000000759,158.19000199999999268,161.35000600000000759,155.91999799999999254,20886300,-0.00883461119669393,159.98250125783394537,159.67834409509418947,158.52376258439497292,161.46600019999999631,161.43571466666665515,43.37824512761132212
157.14999399999999241,154.17999299999999607,157.91000399999998649,150.83000200000000746,25983300,-0.02534932011695656,158.02167293930583014,157.72124368413903994,156.58081332187435919,160.94400019999997653,159.96000014285715451,55.75109113782401238
160.14999399999999241,165.55000300000000379,166.19999699999999621,158.50999500000000353,28453600,0.07374504161509465,161.03831332694667822,160.73214886465351015,159.56994763877179366,160.86400140000000647,159.22000047619044949,60.21015777075243847
171.78999300000000972,168.83000200000000746,173.38999899999998888,166.00999500000000353,31411900,0.01981273899463476,172.74287702544643253,172.41445996141459318,171.16778779195567495,161.27000119999996741,159.18809580952378724,63.70128794767401814
171.25000000000000000,174.27999900000000366,175.00000000000000000,167.74000499999999647,21664200,0.03228097456280299,172.19988879449863362,171.87250405436739698,170.62975058956087082,164.20599980000002915,159.00190519047617954,63.37084022611404777
175.89999399999999241,175.19000199999999268,177.08000200000000746,171.57000700000000393,23534300,0.00522149991520249,176.87567536206117325,176.53940106235447161,175.26290280248321096,167.60599980000000642,159.23761933333332763,66.61880504161945282
173.66999799999999254,174.78999300000000972,175.00000000000000000,169.44999699999999621,19355400,-0.00228328669121192,174.63331002943530734,174.30129889271228194,173.04098361243524096,171.72799979999999209,160.20523800000000847,67.70597307478098514
178.97999599999999987,178.16999799999999254,181.22999599999999987,176.61999499999998875,21011800,0.01933752008331502,179.97276150446603538,179.63059905495276780,178.33174936058745175,174.25199879999999553,160.58095223809522167,63.04842548713811823
175.19000199999999268,176.97000099999999634,178.19000199999999268,172.82000700000000393,17423000,-0.00673512383381181,176.16174518136051574,175.82682819871317292,174.55548231850900720,175.87999859999999330,162.05523823809522810,66.66130283849614102
177.94999699999999621,176.25000000000000000,178.05000300000000379,172.50999500000000353,23593200,-0.00406849181178448,178.93704931025612836,178.59685594661118557,177.30548090816409967,176.27399879999998689,163.33285738095239026,61.54946666350807760
179.19999699999999621,179.24000499999999647,180.27999900000000366,176.66000399999998649,20974800,0.01696456737588647,180.19398280510648647,179.85139977182555526,178.55095354020471632,177.08399939999998196,164.87000014285715110,71.45040346419722255
177.41000399999998649,178.24000499999999647,180.50000000000000000,176.77000400000000013,16110700,-0.00557911164976810,178.39406107930835788,178.05490003956401779,176.76744370576929555,177.77400180000000773,166.06571442857142529,63.91215340026166558
175.25000000000000000,170.80000300000000379,175.38000500000001125,168.33999600000001351,24850500,-0.04174148222224294,176.22207597801977386,175.88704429505335725,174.61526301209076451,176.30000279999998725,167.06904809523808808,53.94010737344208195
178.44999699999999621,182.27999900000000366,184.77999900000000366,178.13999899999998888,33242000,0.06721309015433685,179.43982270819628866,179.09867347669694482,177.80366996098035770,177.36200239999999440,168.69666680952380489,70.60317746516051329
184.08000200000000746,185.13000500000001125,187.05000300000000379,183.14999399999999241,21426600,0.01563531937478224,185.10105619673626620,184.74914388363774265,183.41328367758171680,179.13800339999997391,169.84666723809522182,73.84913632938535955
183.22999599999999987,190.07000700000000393,190.41000399999998649,180.83000200000000746,28792000,0.02668396190017930,184.24633538695724155,183.89604806068160769,182.56635630952547444,181.30400380000000382,171.45904819047621004,81.25761539376954090
192.66000399999998649,187.50000000000000000,193.75000000000000000,187.41000399999998649,29197800,-0.01352137057584268,193.72864971648266419,193.36033470717919158,191.96220981666451166,183.15600279999998179,172.60952457142857952,72.57764236264910096
188.66000399999998649,182.91000399999998649,189.19999699999999621,182.55999800000000732,21731000,-0.02447997866666674,189.70646253296155237,189.34579446649325973,187.97669739413461798,185.57800299999999538,173.85333461904761521,64.10255876068653436
190.92999299999999607,194.19000199999999268,196.91000399999998649,190.00000000000000000,45954500,0.06166966132699891,191.98904269859502847,191.62403501309688636,190.23846473376119093,187.96000359999999318,175.19809676190476466,67.85649628474618567
206.91999799999999254,204.71000699999999028,209.69000199999999268,201.57000700000000393,46230100,0.05417377255086486,208.06774099245475895,207.67216464341427695,206.17055562471492181,191.87600399999999468,177.00333504761906056,72.58261314418940913
201.60000600000000759,202.27000400000000013,207.27999900000000366,199.05000300000000379,30415600,-0.01191931472114105,202.71824008274603557,202.33283415238244629,200.86983207377502936,194.31600339999999960,179.03523971428572281,70.38575788023098312
200.19999699999999621,205.25999500000000353,205.91000399999998649,198.75999500000000353,19250700,0.01478217699545792,201.31046551859245142,200.92773603542681826,199.47489375848661552,197.86800239999999462,181.27666795238096142,70.21339603162866183
207.02000400000000013,207.07000700000000393,210.38000500000001125,206.50000000000000000,21071200,0.00881814305802742,208.16830170532355737,207.77253417124180146,206.27019941354683397,202.70000300000000948,183.79524004761904621,72.25672531556629963
208.11999499999998875,208.47000099999999634,211.60000600000000759,206.66000399999998649,21857000,0.00676096949182980,209.27439413087071785,208.87652370471488439,207.36620636233956816,205.55600279999998747,185.83904947619049608,73.58711052736633462
211.16000399999998649,211.25999500000000353,211.60000600000000759,209.03999300000000972,15152000,0.01338319176196490,212.33126544026794136,211.92758332035174362,210.39520477086523442,206.86600039999999012,187.85952533333335168,73.50953537360922496
212.24000499999999647,212.35000600000000759,213.21000699999999028,210.85000600000000759,12506000,0.00515957126667543,213.41725698536544087,213.01151018897201084,211.47129412132642301,208.88200080000001435,189.67238280952383889,75.01099317807766909
210.88999899999998888,213.17999299999999607,215.00000000000000000,210.36999499999998875,12911900,0.00390858006380279,212.05976277764628435,211.65659683593014506,210.12617770045395105,210.46600039999998444,191.48142999999998892,84.41051365993783406
213.28999300000000972,210.10000600000000759,215.27999900000000366,210.00000000000000000,14704600,-0.01444782391000443,214.47306905447820213,214.06531495853135993,212.51747917570327218,211.07200019999999085,193.16285919047618336,76.15645981751069371
209.42999299999999607,205.10000600000000759,210.77999900000000366,202.11000100000001112,20684600,-0.02379819065783373,210.59165842238030564,210.19128362626940998,208.67145968796191369,210.39800120000001016,194.44524052380953094,68.04627299117203165
202.55999800000000732,206.80999800000000732,206.92999299999999607,200.69000199999999268,17178900,0.00833735714273942,203.68355696241673058,203.29631578106659617,201.82634708415736213,209.50800180000001660,195.86619276190478445,66.06525757199470661
205.27000400000000013,210.88000500000001125,211.33999600000001351,204.11999499999998875,19383200,0.01967993346240449,206.40859481253306740,206.01617281594170095,204.52653772868998772,209.21400160000001733,197.51524061904763130,71.80971551536300979
212.14999399999999241,213.19000199999999268,214.63999899999998888,210.94000199999999268,20151900,0.01095408263102038,213.32674671272144451,212.92117199357090840,211.38160913166035471,209.21600340000000529,199.13190714285715899,79.50117983292980739
213.27000400000000013,216.88000500000001125,220.49000499999999647,212.83000200000000746,31843200,0.01730851806080480,214.45296917957534788,214.04525329731359307,212.49756257374977508,210.57200320000001170,200.97190714285710555,75.94330187596921178
223.50000000000000000,229.97000099999999634,231.33999600000001351,223.19000199999999268,50162900,0.06035593737652301,224.73970887924346584,224.31243594832767485,222.69050660885753246,215.54600220000003219,203.78952609523807382,77.27862654955274024
234.72000099999999634,231.38999899999998888,237.19999699999999621,231.19999699999999621,47782600,0.00617470971789924,236.02194493456704549,235.57322232708685306,233.86986995043199045,220.46200239999998871,206.12809752380948680,82.15549352518330295
231.50999500000000353,234.91000399999998649,235.99000499999999647,228.74000499999999647,33925600,0.01521243361948410,232.79413368651054839,232.35154776212601746,230.67149025308310684,225.26800220000001218,208.49857366666665826,82.36195154230902915
239.77000400000000013,232.19999699999999621,240.89999399999999241,231.66999799999999254,33178300,-0.01153636266593394,241.09995927040287711,240.64158239185803723,238.90158237301028521,229.07000119999997878,210.50476366666666195,76.90002337402087562
229.07000700000000393,229.13999899999998888,230.55999800000000732,221.13000500000001125,34697600,-0.01317828613064109,230.34061157112421370,229.90269025892828836,228.24033963187716267,231.52199999999999136,212.48762076190476478,71.36655539793255798
224.30000300000000379,225.46000699999999028,231.63000500000001125,224.00000000000000000,29377200,-0.01606001578100735,225.54414933258809128,225.11534700737004755,223.48761208249783294,230.62000119999999015,214.51381138095240431,64.41333512518681914
225.19999699999999621,225.08999600000001351,227.49000499999999647,222.88000500000001125,23241500,-0.00164113806667265,226.44913541559955661,226.01861253971404153,224.38434639929843684,229.36000060000000644,215.98523966666667206,63.12319246938299244
224.58999600000001351,231.91000399999998649,232.44000199999999268,223.50000000000000000,18223800,0.03029902759427827,225.83575086456579584,225.40639414937436413,223.77655475848453648,228.76000060000001213,217.28047761904764457,67.17404241382649843
230.94000199999999268,232.72000099999999634,233.00000000000000000,226.55999800000000732,20919000,0.00349272125406030,232.22097905168635634,231.77948280327368025,230.10356170751933291,228.86400140000000647,218.73047747619048664,71.64178170570994553
232.11000100000001112,230.16000399999998649,232.64999399999999241,228.52999900000000366,15380300,-0.01100033082244622,233.39746779731950710,232.95373482003927279,231.26932309473124860,229.06800239999998325,219.91619219047620959,75.15053590517288740
229.55999800000000732,226.28999300000000972,231.63000500000001125,224.61000100000001112,17041500,-0.01681443749019040,230.83332045118439169,230.39446240569679958,228.72855593623413029,229.23399960000000419,220.83142961904763979,68.73796160205921524
226.71000699999999028,230.77000400000000013,231.35000600000000759,225.30999800000000732,16750400,0.01979765406594880,227.96752113284674124,227.53411151692355929,225.88888730258452142,230.37000120000001857,221.89333452380950007,68.98261808625387914
229.02999900000000366,231.39999399999999241,231.55000300000000379,227.41000399999998649,15466500,0.00272994751952238,230.30038165491464497,229.86253682744094817,228.20047653662700782,230.26799919999999133,222.85238209523811292,67.95502206822069979
231.52000400000000013,238.66999799999999254,239.77000400000000013,230.41000399999998649,27462900,0.03141747704626119,232.80419820439053069,232.36159314544326548,230.68146300154239725,231.45799860000002468,224.10571504761907136,70.06813682624020601
240.96000699999999028,236.72999599999999987,241.21000699999999028,235.27999900000000366,20720700,-0.00812838654316317,242.29656297414078381,241.83591112436727144,240.08727530784724991,232.77199699999999893,225.22714376190475605,57.83494453214465381
229.94000199999999268,224.42999299999999607,232.88999899999998888,223.55000300000000379,26708200,-0.05195794030258849,231.21543225580606418,230.77584774310219018,229.10718360188687370,232.39999699999998484,225.90952409523811184,43.55794024276473664
229.89999399999999241,228.58000200000000746,231.66000399999998649,224.50000000000000000,22091400,0.01849132972169198,231.17520233959649545,230.73569431161484999,229.06732050663671885,231.96199660000002041,227.02761914285713374,44.20860259205667830
225.08999600000001351,232.50000000000000000,233.77000400000000013,224.80000300000000379,15340300,0.01714934799939316,226.33852426250595613,225.90821167946012338,224.27474381130076608,232.18199780000000487,228.25095257142857008,50.26853100027818755
237.13999899999998888,235.64999399999999241,238.46000699999999028,233.00000000000000000,15236700,0.01354836129032244,238.45536616950371922,238.00201716543170960,236.28110297330636058,231.57799700000001053,229.43047585714288061,55.81768709423501917
235.00000000000000000,235.52999900000000366,237.58999600000001351,231.72999599999999987,19578100,-0.00050920858499992,236.30349703186672627,235.85423914029979642,234.14885482363098390,231.33799760000002266,230.49428523809521607,59.61059957400294707
234.99000499999999647,235.94000199999999268,236.13999899999998888,232.14999399999999241,15782500,0.00174076763784137,236.29344659164189579,235.84420780787337435,234.13889602446516847,233.63999939999999356,231.40190414285711995,60.34713088619341192
237.78999300000000972,238.78999300000000972,240.83000200000000746,235.55000300000000379,30081300,0.01207930395796142,239.10896555354514703,238.65437393273285238,236.92874276369883546,235.68199759999998832,231.82190376190479242,57.09862597001385609
238.55999800000000732,239.22000099999999634,240.69999699999999621,236.91000399999998649,18917800,0.00180077897987951,239.88324161410696433,239.42717794724018177,237.69595888692637686,237.02599779999999896,232.19476099999999974,56.75956513824787919
241.27999900000000366,242.24000499999999647,245.19000199999999268,239.86000100000001112,24017900,0.01262437917973247,242.61832990444813163,242.15706631454168019,240.40610833062478946,238.34399999999999409,232.54380866666664929,62.44334082824808263
241.19999699999999621,234.02000400000000013,243.22000099999999634,232.67999299999999607,20834900,-0.03393329272759882,242.53788414968408915,242.07677350245785419,240.32639608941798315,238.04200099999997065,232.63047566666665489,57.30762819059998492
234.61999499999998875,235.67999299999999607,237.30000300000000379,232.74000499999999647,18704300,0.00709336369381486,235.92138422169821865,235.47285279925932855,233.77022616160010671,237.98999919999999975,232.94190395238098290,54.90312550685300153
232.63999899999998888,216.08000200000000746,233.08999600000001351,215.39999399999999241,76343900,-0.08316357595954271,233.93040558804244711,233.48565939466001851,231.79740149796020887,233.44800100000003340,232.49523704761901399,38.90498712688147975
209.75000000000000000,220.63999899999998888,220.75000000000000000,207.11000100000001112,58514300,0.02110328099682257,210.91344043588955515,210.51245387096972195,208.99030765641106200,229.73200059999999212,232.28333242857141272,36.40886244735316524
220.58999600000001351,227.07000700000000393,227.50000000000000000,218.47000099999999634,33927100,0.02914253095151631,221.81356368104465560,221.39185390868843228,219.79104233595464279,226.69800099999997656,232.05285638095236322,43.17989958513268078
228.50000000000000000,237.55000300000000379,239.00000000000000000,227.55999800000000732,43399700,0.04615314958791550,229.76744285864486983,229.33061124918512519,227.67239713701991377,227.40400080000000571,232.28285647619048859,59.50725582776948386
239.00000000000000000,233.41999799999999254,240.00000000000000000,232.61000100000001112,30633600,-0.01738583434158081,240.32568421538786652,239.86877938098575669,238.13436724616084916,226.95200180000000501,232.43809428571427134,53.50826138250546649
233.75999500000000353,240.27999900000000366,240.39999399999999241,232.27000400000000013,26206200,0.02938908859042999,235.05661397724119865,234.60972664751184880,232.91334099075618269,231.79200120000001561,233.10428504761907220,55.40878812499163786
239.41000399999998649,240.86000100000001112,247.64999399999999241,238.82000700000000393,27887800,0.00241385884140954,240.73796242388596056,240.28027377019628830,238.54288625498259080,235.83600160000000301,233.58476109523812170,53.75631411401338511
238.11000100000001112,243.58000200000000746,246.99000499999999647,236.58999600000001351,29791300,0.01129287133067813,239.43074857260123167,238.97554518106821320,237.24759172852608913,239.13800059999999803,234.16476147619044923,55.59416493095893230
245.00000000000000000,244.50000000000000000,246.52999900000000366,239.24000499999999647,22174900,0.00377698494312351,246.35896499066956267,245.89058974201469709,244.11263587995568969,240.52800000000002001,234.44238061904758297,55.90670642083427566
243.69000199999999268,245.07000700000000393,245.49000499999999647,239.32000700000000393,22982700,0.00233131697341515,245.04170069915997487,244.57582982046014308,242.80738255433337258,242.85800180000001092,234.83952400000003990,54.47421864072742181
247.00999500000000353,239.00000000000000000,250.14999399999999241,238.41999799999999254,24674900,-0.02476846136459288,248.38010902265494906,247.90789119478407088,246.11535089038645197,242.60200199999999882,235.53333385714284987,49.85491890023170214
236.75999500000000353,239.72999599999999987,240.33000200000000746,232.02999900000000366,23378100,0.00305437656903762,238.07325436488204673,237.62063182802631900,235.90247530765358874,242.37600100000000225,236.06428595238097046,48.29320751112754095
241.55000300000000379,240.27999900000000366,244.82000700000000393,238.05000300000000379,19133600,0.00229426024768298,242.88983156152298193,242.42805179532822990,240.67513440465799590,241.71600040000004128,236.43476209523811349,54.75250144621164594
238.00000000000000000,240.92999299999999607,241.75999500000000353,236.33000200000000746,18880700,0.00270515233354907,239.32013741950757435,238.86514432081426662,237.13798914052838995,241.00199900000001207,236.68619061904760770,54.04780224692654400
241.00000000000000000,242.02999900000000366,244.16000399999998649,237.86000100000001112,18152400,0.00456566650877721,242.33677780714842243,241.87604950132873682,240.12712345742579600,240.39399739999998928,236.99571442857143211,77.99351158870022971
240.05999800000000732,245.41999799999999254,246.05000300000000379,235.63999899999998888,20872200,0.01400652404250091,241.39156180792738837,240.93263053749743108,239.19052604537506568,241.67799700000000485,237.44714280952379681,77.42362371085998518
246.22000099999999634,241.75000000000000000,246.91000399999998649,240.08000200000000746,19364200,-0.01495394845533327,247.58573308719030592,247.11502551905894620,245.32821816520541347,242.08199780000001056,237.58809552380949981,67.30314533378383146
240.25999500000000353,239.86999499999998875,241.89999399999999241,238.11999499999998875,15427900,-0.00777664943123069,241.59266815046305510,241.13335453862652002,239.38979867736725282,241.99999699999997915,237.61904761904762040,53.42990906392666517
239.63000500000001125,232.60000600000000759,242.41999799999999254,231.75000000000000000,21771800,-0.03030803831884010,240.95918372452644007,240.50107448706910418,238.76209043459985537,240.33399960000002693,237.16000004761903597,48.89070364328406271
230.19000199999999268,230.71000699999999028,233.49000499999999647,226.89999399999999241,18325800,-0.00812553289444029,231.46681895477615853,231.02675650814504138,229.35627812829497429,238.07000119999997878,237.00238114285713209,35.04221506192993729
231.46000699999999028,233.50000000000000000,234.94999699999999621,230.83000200000000746,13163100,0.01209307318862862,232.74386841327807929,232.30137805273813001,230.62168330433874530,235.68600159999999732,236.89857195238096210,39.23976304674896909
234.63000500000001125,230.11999499999998875,234.96000699999999028,229.83000200000000746,14170100,-0.01447539614561033,235.93144974512500767,235.48289918621165384,233.78019990643750248,233.36000060000000644,237.56714304761905510,30.69419479903024239
231.13999899999998888,233.28999300000000972,233.69999699999999621,230.30999800000000732,13588300,0.01377541312739905,232.42208539422202307,231.98020680440279762,230.30283433951152006,232.04400019999997085,238.16952371428570245,34.89624454045393520
230.22000099999999634,234.50000000000000000,234.88999899999998888,229.00000000000000000,20615300,0.00518670768702867,231.49698435310577338,231.05686455631513354,229.38616847508586716,232.42399900000000912,238.52333290476187244,35.99999035761564414
255.82000700000000393,253.66999799999999254,255.85000600000000759,249.00000000000000000,53005100,0.08174839232409381,257.23898836092183728,256.74992811851564056,254.89345395754580181,237.01599719999998683,239.29095171428568278,64.42477963122507845
252.64999399999999241,251.96000699999999028,255.39999399999999241,250.33000200000000746,23124900,-0.00674100608460604,254.05139194587295037,253.56839193051621351,251.73492240977546430,240.70799860000002468,240.17380928571427035,61.79820040464991848
251.55999800000000732,249.83000200000000746,252.80000300000000379,247.42999299999999607,17183500,-0.00845374242270114,252.95534996055064880,252.47443372946952422,250.64887426014851712,244.65000000000000568,240.62857133333332627,58.94027834157683543
250.19000199999999268,249.11999499999998875,252.27000400000000013,247.77000400000000013,13050100,-0.00284196051041152,251.57775487238183132,251.09945771157481431,249.28384024094444271,247.81600039999997875,241.02190438095237823,57.65850196371796699
249.03999300000000972,265.27999899999997524,266.60000600000000759,248.66999799999999254,45241600,0.06486835390310586,250.42136700719834153,249.94526835966209433,248.13799645206415789,253.97200019999999654,242.05523757142856311,66.96337420001088958
264.07998700000001691,268.44000199999999268,278.89001500000000533,263.42999300000002449,72766400,0.01191195345262352,265.54478478395708407,265.03993364283093115,263.12351718250789645,256.92600099999998520,243.19523766666665665,66.85212542160685700
268.04000899999999774,263.00000000000000000,273.85998499999999467,259.69000199999999268,30248800,-0.02026524347887615,269.52677221767248739,269.01435056108130084,267.06919640113079595,259.13399960000003830,244.04904685714285506,65.16340672212871254
260.19000199999999268,256.13000499999998283,265.92001299999998309,255.13000500000001125,28238300,-0.02612165399239552,261.63322283118463929,261.13580831328971499,259.24762129726917692,260.39400019999999358,244.86476138095235910,60.83134217060175786
258.97000100000002476,259.89001500000000533,263.89999399999999241,258.10998499999999467,21415700,0.01468008404560028,260.40645473466395288,259.91137253624543746,258.03203901201948156,262.54800420000003669,245.82476228571425736,69.07058177218880246
261.54998799999998482,261.29998799999998482,265.16000400000001491,259.57000699999997551,17374000,0.00542526806964849,263.00075239592672460,262.50073794423207119,260.60268157163585556,261.75200200000000450,246.82571414285709466,71.52102495693293349
262.30999800000000732,261.23998999999997750,262.64999399999999241,258.67999300000002449,14792700,-0.00022961348165085,263.76497801626368300,263.26351062631306377,261.35993889569760995,260.31199959999997873,247.79285685714282295,70.29557479049307744
262.50000000000000000,261.16000400000001491,264.10000600000000759,259.39999399999999241,13351100,-0.00030617823863788,263.95603391857451925,263.45420329501575907,261.54925272852398166,259.94400039999999308,248.70380947619048584,73.86225397957937844
260.95001200000001518,262.33999599999998509,265.14999399999999241,259.26001000000002250,18690400,0.00451827225427670,262.39744845152165453,261.89858099537065073,260.00487862133093131,261.18599860000000490,249.50952366666666649,73.03728498146335824
261.39001500000000533,262.58999599999998509,267.91000400000001491,261.35000600000000759,23291500,0.00095296181982096,262.83989205834939185,262.34018343275130292,260.44328797694350897,261.72599479999996674,250.50190442857143580,72.62039965106116313
261.50000000000000000,269.01001000000002250,269.63000499999998283,261.45999100000000226,20299700,0.02444881411247679,262.95048712269425550,262.45056823484424058,260.55287462289146561,263.26799919999996291,251.88952419047620879,65.54521505683629812
268.69000199999999268,267.01001000000002250,270.48998999999997750,266.42001299999998309,15538600,-0.00743466757984212,270.18037059616705164,269.66670632474733793,267.71683519514516547,264.42200320000000602,253.52809580952384749,65.16220666500655057
271.07000699999997551,271.39001500000000533,277.25000000000000000,268.76998900000000958,23685600,0.01640389811602927,272.57357699809614360,272.05536278613078593,270.08822006844098951,266.46800540000003821,255.46523904761903623,70.77873705794347359
272.41000400000001491,280.82000699999997551,283.08999599999998509,270.26001000000002250,42127200,0.03474701160247173,273.92100668793534624,273.40023075585543211,271.42336374085419948,270.16400759999999082,257.71857271428569902,76.15513663421704393
284.00000000000000000,303.91000400000001491,304.67001299999998309,284.00000000000000000,69015200,0.08222347562294607,285.57529003000064449,285.03235708870272447,282.97138199962211047,278.42800920000001952,261.23238266666663776,78.60212044824487521
300.16000400000001491,293.22000100000002476,301.23001099999999042,292.01998900000000958,30301300,-0.03517489671054064,301.82493027361323357,301.25110367561427438,299.07285617215529783,283.27000740000005408,264.08619257142862580,66.50680115540154702
295.00000000000000000,293.66000400000001491,297.23001099999999042,290.98001099999999042,17157400,0.00150058999556446,296.63630478468377305,296.07234275058908679,293.93154116157933231,288.60000619999999572,266.90333561904765247,71.88125749643506879
293.95001200000001518,293.20001200000001518,296.88000499999998283,291.54998799999998482,17345100,-0.00156641011283243,295.58049271557104021,295.01853798102979454,292.88535610720248314,292.96200559999999768,268.78571723809523064,79.12021004253503520
294.70999100000000226,295.44000199999999268,301.48998999999997750,292.70999100000000226,17295900,0.00763980187013091,296.34468716395730326,295.78127955042384656,293.64258254354291466,295.88600460000003523,270.85619319047623321,78.60938231958843403
298.88000499999998283,302.50000000000000000,303.60000600000000759,293.04998799999998482,24341400,0.02389655413013436,300.53783138043320378,299.96645180222975569,297.79749319332381674,295.60400379999998677,273.36428833333332022,80.39246845343842551
295.98998999999997750,291.11999500000001717,297.60000600000000759,283.63000499999998283,32294100,-0.03761985123966938,297.63178605713727620,297.06593142380825157,294.91794552237439575,295.18400259999998525,275.36428833333332022,68.88749284971351017
287.25000000000000000,282.73001099999999042,289.00000000000000000,271.14001500000000533,30333700,-0.02881967623007142,288.84331711661155850,288.29417103426010272,286.20961084292764554,292.99800400000003719,276.19524128571430310,62.33841274980343172
271.27999899999997524,271.16000400000001491,279.29998799999998482,269.42001299999998309,24864000,-0.04092245799827732,272.78473378085658396,272.26611811968632537,270.29745149959893524,288.59000239999994619,276.32476519047622787,54.50920700503140637
275.76998900000000958,273.72000100000002476,278.48001099999999042,271.35000600000000759,22918800,0.00944090928690211,277.29962883889118075,276.77242950350574802,274.77117923010769118,284.24600220000002082,276.83524142857140760,55.55888844536562488
275.51001000000002250,268.08999599999998509,279.16000400000001491,267.02999899999997524,24814700,-0.02056848231562014,277.03820778844499273,276.51150546419739840,274.51214184658351769,277.36400140000000647,277.40476480952378324,49.53684343345301500
270.05999800000000732,266.60998499999999467,271.39001500000000533,262.64001500000000533,18913900,-0.00552057526234584,271.55796568433589755,271.04168234264204784,269.08186921434923988,272.46199940000002471,277.72476338095236770,49.79755817584148048
270.95001200000001518,266.14999399999999241,276.64001500000000533,265.70001200000001518,24093800,-0.00172533298030830,272.45291641032451935,271.93493159708555140,269.96865967765563710,269.14599600000002511,277.95571604761909157,47.23860540646221295
270.67001299999998309,272.42001299999998309,274.51998900000000958,269.29998799999998482,18478500,0.02355821582321727,272.17136431302481014,271.65391478387255120,269.68967480445661522,269.39799780000004148,278.48809809523811509,45.42084942388030555
267.29000899999999774,263.51998900000000958,272.44000199999999268,261.79000899999999774,29183400,-0.03267022823319510,268.77261212076223273,268.26162426595271882,266.32191282190643733,267.35799539999999297,278.60047833333334211,23.95201864299572492
258.27999899999997524,254.82000700000000393,261.50000000000000000,250.19000199999999268,31281400,-0.03301450502109726,259.71262543441292792,259.21886233745698291,257.34453612637679498,264.70399759999997968,278.24238361904764361,24.58300904601436798
258.39999399999999241,252.52999900000000366,259.20001200000001518,250.05000300000000379,28130800,-0.00898676688286881,259.83328602218460901,259.33929352650227429,257.46409651716220424,261.88800040000000990,277.76333614285715612,23.42680056146261336
247.53999300000000972,248.14999399999999241,249.94999699999999621,244.13000500000001125,24709400,-0.01734449379220093,248.91304681337791749,248.43981576940484501,246.64342929361544066,258.28800039999998717,276.77000204761907298,22.29737818556347406
253.30999800000000732,254.75000000000000000,255.32000700000000393,248.22000099999999634,30293100,0.02659684126367545,254.71505685334113878,254.23079508476965316,252.39253594500533495,254.75399779999997918,276.18619204761904484,26.25190728866458301
255.25999500000000353,249.02000400000000013,257.98998999999997750,248.14999399999999241,19641300,-0.02249262414131503,256.67587008866729548,256.18788044119884262,254.33547026185433992,251.85400079999999434,275.12095342857145397,18.29501385107241163
246.50000000000000000,249.52999900000000366,252.24000499999999647,245.61999499999998875,20006800,0.00204800815921602,247.86728518448998670,247.39604233227191799,245.60720303840440693,250.79599920000001134,273.63095304761907300,21.69594459128437336
249.39999399999999241,254.82000700000000393,255.75000000000000000,246.61000100000001112,18351300,0.02119988787400273,250.78336485926203636,250.30657798495886368,248.49669356646992924,251.25400080000000003,271.29333414285713388,30.16911852874235933
259.39999399999999241,256.82000699999997551,259.60000600000000759,254.82000700000000393,18826300,0.00784867728223548,260.83883281806487275,260.34292858667373594,258.46047462279466345,252.98800339999996822,269.56000109523807851,38.20724842531779331
257.80999800000000732,261.79000899999999774,263.32998700000001691,256.89999399999999241,20200200,0.01935208264362376,259.24001743480243931,258.74715285554134425,256.87623742035145824,254.39600519999999051,268.04238228571426816,40.56321611632274227
261.98001099999999042,261.89999399999999241,266.07998700000001691,260.10000600000000759,20142500,0.00042012680476278,263.43316064573156154,262.93232410371223295,261.03114707375419812,256.97200319999996054,266.55190523809523029,44.63511998051934881
265.35000600000000759,266.63000499999998283,268.32998700000001691,264.79998799999998482,20009800,0.01806037078412448,266.82184832011415665,266.31456923831484573,264.38893630784514244,260.39200439999996206,265.18000061904757558,50.01642598415438812
261.20999100000000226,259.94000199999999268,265.14999399999999241,259.17999300000002449,16367600,-0.02509096078665263,262.65886950196778571,262.15950503467900035,260.26391600485510480,261.41600340000002234,263.15333404761906877,45.37740960836649862
262.20001200000001518,264.64999399999999241,264.86999500000001717,260.83999599999998509,12822300,0.01811953513795839,263.65438194637204106,263.15312482058504884,261.25035125337149111,262.98200079999998025,261.89285780952377536,44.07863360254884100
261.77999899999997524,258.66000400000001491,265.69000199999999268,258.23998999999997750,18696900,-0.02263362983488293,263.23203921999390786,262.73158504805718394,260.83185949609043064,262.35599979999994957,260.74666700000000219,46.12441282480092752
259.20999100000000226,258.11999500000001717,260.17999300000002449,254.82000700000000393,23133400,-0.00208771743465985,260.64777591020725822,260.15223491433602021,258.27115979359018638,261.60000000000002274,260.12571419047617383,53.02529097446077344
259.75000000000000000,263.76001000000002250,264.61999500000001717,259.14999399999999241,16312800,0.02185036072079583,261.19078022990373711,260.69420687954414007,258.80921293803464778,261.02600100000000793,259.65142890476192861,59.69943660579683353
264.51998900000000958,264.45001200000001518,264.75000000000000000,262.17001299999998309,14107800,0.00261602204215872,265.98722738523798625,265.48153507657650607,263.56192554174242559,261.92800299999998970,259.47809633333338297,65.03691309009627730
270.20001200000001518,275.75000000000000000,280.17999300000002449,267.86999500000001717,31019300,0.04273014742763559,271.69875631341426470,271.18220530195691254,269.22137609843127848,264.14800420000000258,259.91333514285713591,67.82682633798484062
277.57998700000001691,276.14001500000000533,279.10000600000000759,273.39001500000000533,18063300,0.00141437896645513,279.11966652834087199,278.58900695514603285,276.57462160854629474,267.64400640000002340,260.38905042857140870,75.31740422402798174
277.61999500000001717,271.82000699999997551,278.75000000000000000,271.50000000000000000,15577800,-0.01564426655079321,279.15989644455044072,278.62916038663337304,276.61448470379644959,270.38400880000000370,260.36047871428570488,69.42652703603350517
267.60000600000000759,266.72000100000002476,269.04000899999999774,263.67001299999998309,15416100,-0.01876243789516185,269.08432861084475007,268.57274812370070549,266.63078704551821829,270.97600700000003826,260.51286023809524295,60.40572629330392829
267.38000499999998283,265.92999300000002449,271.36999500000001717,265.29998799999998482,16622700,-0.00296193760137242,268.86310731020427056,268.35194740682788961,266.41158286590092530,271.27200319999997191,261.04190719047619496,58.13827091832752814
265.52999899999997524,261.39999399999999241,268.54998799999998482,259.88000499999998283,13587000,-0.01703455465438997,267.00283970454495375,266.49521652370026459,264.56827739221222373,268.40200200000003861,261.46428790476193171,49.64882515552710629
263.05999800000000732,267.55999800000000732,269.70001200000001518,262.88000499999998283,18763200,0.02356543282858681,264.51913811317393765,264.01623692144164579,262.10722247492191173,266.68599860000000490,262.38857380952379117,54.59564745400499675
279.55999800000000732,278.73001099999999042,283.04998799999998482,276.36999500000001717,28998600,0.04174769428724545,281.11066024519857365,280.57621541427118927,278.54746121785774449,268.06799940000001925,263.53047909523809267,58.89444042177446192
279.86999500000001717,278.11999500000001717,282.45001200000001518,275.04000899999999774,16720000,-0.00218855514629168,281.42237673528109099,280.88733927201923279,278.85633544146946861,270.34799820000000636,264.91619295238098175,64.67547136090351501
278.79998799999998482,284.79000899999999774,285.23998999999997750,276.82000699999997551,17535200,0.02398250438628113,280.34643462486161525,279.81344273219025354,277.79020389379599010,274.12000139999997828,266.59524104761902663,65.75898871624386288
283.16000400000001491,277.10998499999999467,285.23001099999999042,274.26001000000002250,21322900,-0.02696732243861832,284.73063474364840886,284.18930765269891481,282.13442837640326388,277.26199959999996736,267.65666857142855406,64.06460357040657527
278.76001000000002250,283.29000899999999774,284.51001000000002250,276.30999800000000732,16287200,0.02230170089323913,280.30623487505596358,279.77331940975477664,277.75037068988905276,280.40800180000002229,268.91714485714283001,67.66809345976820111
278.79000899999999774,267.67001299999998309,278.79000899999999774,267.26001000000002250,23121800,-0.05513782874001749,280.33640027338555001,279.80342745792484038,277.78026103667986035,278.19600220000000945,269.19714504761907392,52.40733737645025059
276.54998799999998482,280.82998700000001691,283.60000600000000759,273.77999899999997524,32368100,0.04916491710261184,278.08395433413096498,277.55526384680439378,275.54835315612291424,278.73800060000002077,270.09857328571428070,58.74250610500594405
274.50000000000000000,263.10998499999999467,276.70001200000001518,259.10000600000000759,47247800,-0.06309868183699352,276.02259546913796839,275.49782401707358304,273.50578999611360587,274.40199580000000878,269.93095328571428126,43.68631269040752585
264.60000600000000759,261.35998499999999467,270.47000100000002476,257.33999599999998509,27165700,-0.00665121089950271,266.06768822320390200,265.56184294318620687,263.64165272862078382,271.25199579999997468,269.99857152380951675,42.71633294857777230
263.16000400000001491,265.29998799999998482,270.04998799999998482,260.88000499999998283,17961900,0.01507500469132639,264.61969882604273607,264.11660644926917030,262.20686626375385231,267.65399159999998346,270.02952361904760892,46.77482506618044766
281.00000000000000000,287.38000499999998283,288.94000199999999268,278.61999500000001717,35364400,0.08322660383987657,282.55864964235979642,282.02145190818828269,279.98224768272467600,271.59598999999997204,271.39714271428573511,58.74978297069624489
291.89999399999999241,294.67999300000002449,297.38000499999998283,288.95001200000001518,23823600,0.02540186468435768,293.51910368417412656,292.96106804224712050,290.84276305585001410,274.36599119999999630,273.13809499999996433,61.53968970107538183
293.95001200000001518,293.41000400000001491,294.60000600000000759,288.05999800000000732,13891000,-0.00430972251312634,295.58049271557104021,295.01853798102979454,292.88535610720248314,280.42599499999994350,274.54999947619046452,63.19346843308894535
289.86999500000001717,278.76998900000000958,292.57998700000001691,278.52999899999997524,25117700,-0.04989610033882830,291.47784469408395580,290.92368987373407663,288.82011649779423124,283.90799580000003743,275.23190314285716340,54.31850856084334822
273.10000600000000759,272.42999300000002449,274.00000000000000000,264.00000000000000000,29067700,-0.02274274939975685,274.61483598818631435,274.09274095464388665,272.11086662649682921,285.33399680000002263,275.07380757142857419,47.47918730959617051
273.47000100000002476,276.48001099999999042,278.39999399999999241,272.48001099999999042,14957000,0.01486627061653945,274.98688327492806138,274.46408090873205765,272.47952154369028221,283.15399800000005825,275.08999785714286190,49.36137724546233585
277.17999300000002449,275.07998700000001691,279.75000000000000000,274.42999300000002449,12899500,-0.00506374401149734,278.71745384326953854,278.18755895288779811,276.17607634456192045,279.23399679999999989,275.24523499999997966,46.05700622114485299
277.72000100000002476,276.95001200000001518,277.76001000000002250,273.10000600000000759,10391200,0.00679811359740978,279.26045715741929598,278.72952991446089754,276.71412849262833333,275.94199839999998858,275.73237838095235475,49.93182198125333571
275.04998799999998482,278.95999100000000226,279.41000400000001491,274.63000499999998283,12970400,0.00725755159021246,276.57563414031051252,276.04981125654717289,274.05378599767419701,275.97999879999997574,276.35285447619048682,48.08660317939299489
277.67999300000002449,275.00000000000000000,277.67999300000002449,273.29000899999999774,15040300,-0.01419555179151122,279.22022724120972725,278.68937648297355736,276.67426539737817848,276.49400020000001632,277.00047380952378262,53.61118606921956342
274.51998900000000958,271.97000100000002476,277.39001500000000533,271.83999599999998509,12152900,-0.01101817818181805,276.04269534404079423,275.51788567829134990,273.52570659806713138,275.59199819999997771,277.21047395238099398,45.15106089154114954
271.01998900000000958,272.94000199999999268,273.47000100000002476,269.19000199999999268,12963700,0.00356657350602418,272.52328155845981428,272.00516296769114888,270.03838322835349572,275.16400120000002971,276.93475923809518235,56.58759621442395371
272.55999800000000732,269.70001200000001518,273.00000000000000000,269.41000400000001491,18114700,-0.01187070409708568,274.07183267403661375,273.55076999307078722,271.57281447843041633,273.71400120000004108,276.53380766666663249,55.47964728268523515
270.89001500000000533,268.42999300000002449,270.95001200000001518,264.52999899999997524,20990800,-0.00470900609377800,272.39258661921206794,271.87471650438044435,269.90887998045201357,271.60800160000002279,275.75475928571427175,52.13128341692153356
268.48998999999997750,276.92001299999998309,277.82000699999997551,267.86999500000001717,16930400,0.03162843281823569,269.97924917042945481,269.46596726909234576,267.51754761748139799,271.99200419999999667,275.74571300000002338,41.26004130945467097
278.14001500000000533,275.58999599999998509,280.17999300000002449,272.64999399999999241,12467000,-0.00480289230666764,279.68280088934409378,279.15107069062372602,277.13262124628744232,272.71600319999998874,275.37904571428572353,32.28144831334294906
277.39001500000000533,277.80999800000000732,279.13000499999998283,274.82000699999997551,7808400,0.00805545205639469,278.92864079243389597,278.39834439549508716,276.38533766706308370,273.69000240000002577,275.86190214285716138,35.77163564252052197
276.02999899999997524,276.97000100000002476,277.70001200000001518,271.01001000000002250,16693300,-0.00302363847970644,277.56108106128795043,277.03338465550086767,275.03024750135318754,275.14400019999999358,275.67809328571428296,47.80596711688360045
279.16000400000001491,286.54998799999998482,289.29998799999998482,278.95999100000000226,20738900,0.03458853653973870,280.70844756012724019,280.17476741201301138,278.14891595387337020,278.76799919999996291,276.79428390476192590,65.95116695367107695
285.35998499999999467,287.51998900000000958,291.77999899999997524,280.82998700000001691,17361600,0.00338510221818611,286.94281858919589467,286.39728571601006024,284.32644127761068376,280.88799440000002505,278.03999838095234054,63.40452168443118097
286.25000000000000000,281.85000600000000759,286.64999399999999241,281.07000699999997551,12921700,-0.01972030890693999,287.83777032073129476,287.29053597408858423,285.21323273729518633,282.13999639999997271,278.82809447619047205,57.44776387402855988
280.29998799999998482,279.70001200000001518,283.45999100000000226,279.29998799999998482,10880300,-0.00762814956264357,281.85475481868201086,281.31889532244747443,279.28477105224470733,282.51799919999996291,278.46238052380954286,53.00678023476066159
279.19000199999999268,285.57998700000001691,288.48998999999997750,278.20001200000001518,13007700,0.02102243384959168,280.73861195291004833,280.20487445654799785,278.17880530428612929,284.23999639999999545,278.02904690476196947,56.67338629357405466
286.01001000000002250,283.39999399999999241,286.42999300000002449,281.54998799999998482,10747700,-0.00763356362222967,287.59644914518798942,287.04967359599805832,284.97411195572448150,283.60999760000004244,277.55237976190477411,58.78293377717574231
283.66000400000001491,277.92001299999998309,287.63000499999998283,271.75000000000000000,25189700,-0.01933656004241135,285.23340814158854073,284.69112518278467405,282.63261742921952191,281.69000240000002577,277.51190471428571982,55.91805921468802154
275.54000899999999774,277.11999500000001717,278.73001099999999042,271.85998499999999467,20065100,-0.00287859082677855,277.06837318677457915,276.54161351236746214,274.54203219337432529,280.74400020000001632,277.73523814285715616,54.17165161572831522
274.52999899999997524,273.54998799999998482,276.48001099999999042,270.25000000000000000,14391400,-0.01288253126592342,276.05276086746755482,275.52793206524364678,273.53568034290447031,279.51399539999999888,277.59571323809524301,53.81714897685687049
273.36999500000001717,274.19000199999999268,277.22000100000002476,271.55999800000000732,16376900,0.00233966012822484,274.88632256205926296,274.36371138090453314,272.37987775485839848,277.23599839999997130,277.55333300000000918,55.78314284366605591
274.82998700000001691,275.54998799999998482,276.07998700000001691,267.47000100000002476,23979500,0.00496001309340222,276.35441283967008985,275.82901053967441385,273.83458181805696086,275.66599720000004936,277.48666519047617385,48.39462567982553765
274.76001000000002250,275.67001299999998309,277.85998499999999467,272.51001000000002250,15885000,0.00043558339766658,276.28404769153479492,275.75877916906881637,273.76485826735915907,275.21599720000000389,277.32999957142857284,50.09649912133303218
277.07000699999997551,274.48001099999999042,280.44000199999999268,273.60998499999999467,16377800,-0.00431676259252756,278.60685777337783975,278.07717314715972634,276.06648870223580161,274.68800039999996443,277.30523819047618872,45.88178327049171656
275.76998900000000958,276.39999399999999241,278.00000000000000000,271.14001500000000533,26693200,0.00699498296070811,277.29962883889118075,276.77242950350574802,274.77117923010769118,275.25800160000000005,277.51619023809519149,49.31340917812253366
272.98001099999999042,272.79000899999999774,274.67001299999998309,267.79000899999999774,16553700,-0.01306072749046439,274.49417540041463326,273.97230976559859528,271.99130623571141996,274.97800300000000107,277.50904771428571394,30.64153134499613884
271.50000000000000000,267.08999599999998509,271.50000000000000000,264.63000499999998283,17312900,-0.02089524107167728,273.00595508149712032,272.48691883655914125,270.51665567921622824,273.28600459999995564,277.38476123809522278,24.63370523918337085
266.89001500000000533,268.10998499999999467,272.17001299999998309,266.23001099999999042,14329000,0.00381889630939236,268.37039943569089928,267.86017626369448408,265.92336755792211989,271.77399900000000343,277.36952276190470457,30.71303410882070750
268.88000499999998283,267.39999399999999241,270.39999399999999241,266.20001200000001518,6702000,-0.00264813337705416,270.37142750402472302,269.85739999708511050,267.90615002434964254,270.35799559999998110,276.91618852380952376,32.00697531495207215
268.73998999999997750,277.00000000000000000,277.29998799999998482,265.66000400000001491,23299700,0.03590129474722437,270.23063586939952074,269.71687603413522538,267.76664214388949858,270.47799679999997124,276.98333157142855043,38.68075384604951950
276.95001200000001518,276.77999899999997524,280.51001000000002250,276.27999899999997524,16383000,-0.00079422743682322,278.48619718560621550,277.95674195811449181,275.94692831145044920,271.27599479999997811,276.93428400000004785,40.79021311101242731
277.95001200000001518,271.86999500000001717,278.07998700000001691,271.70999100000000226,11803800,-0.01773973559411701,279.49174398148647924,278.96037701828595345,276.94330641708296525,272.23199459999995042,276.69142657142856478,41.44753478256055956
272.00000000000000000,273.16000400000001491,277.08999599999998509,269.80999800000000732,12900400,0.00474494804033077,273.50872847943725219,272.98873636664490050,271.01484473203242942,273.24199839999994310,276.05380828571423990,44.47854246575189308
274.77999899999997524,268.94000199999999268,275.00000000000000000,265.20001200000001518,15106100,-0.01544882829918259,276.30414756643762075,275.77884083028652640,273.78477486931257090,273.55000000000001137,275.16904700000003459,43.68668209074718334
268.29000899999999774,270.97000100000002476,272.39999399999999241,268.20999100000000226,9871600,0.00754814822973060,269.77815891664255332,269.26525932612418046,267.31829092753889654,272.34400020000003906,274.65095152380951049,45.75197701213421908
262.00000000000000000,263.30999800000000732,267.75000000000000000,260.01001000000002250,24354100,-0.02826882301262568,263.45326052063438738,262.95238576492999982,261.05106367570772363,269.65000000000003411,273.87047466666666651,36.15386122519609557
265.89999399999999241,268.73998999999997750,271.60998499999999467,264.77999899999997524,15789800,0.02062205021170516,267.37488699128670078,266.86655647778843559,264.93693230940573358,269.02399900000000343,273.06857004761906182,43.00138765964736365
268.30999800000000732,267.57000699999997551,268.95001200000001518,263.17999300000002449,18528300,-0.00435358727221802,269.79825879154537915,269.28532098734194733,267.33820752949242205,267.90599959999997282,272.31476114285715084,43.01878199133722092
260.48001099999999042,256.83999599999998509,263.47000100000002476,255.89999399999999241,30412300,-0.04010169570313604,261.92484045191110908,261.42687151345495522,259.53657991530553772,265.48599839999997130,271.31095080952383114,33.22469809084695669
256.63000499999998283,251.08999600000001351,259.72000100000002476,250.30000300000000379,26383500,-0.02238747893455029,258.05347925449120794,257.56287050998440691,255.70051823035186089,261.50999739999997473,270.07142704761906771,32.04830251249326523
251.55000300000000379,251.63999899999998888,253.94999699999999621,249.19999699999999621,19528900,0.00219046162237380,252.94529952032581832,252.46440239704313058,250.63891546098270169,259.17599759999995968,269.02809423809526379,36.02821581113240512
253.39999399999999241,245.63999899999998888,255.02999900000000366,244.61000100000001112,29739400,-0.02384358617009852,254.80555204278317660,254.32111822564482395,252.48220598899982292,254.55599940000001880,267.66857028571428145,31.35889786899630849
247.89999399999999241,251.36000100000001112,253.86000100000001112,247.16000399999998649,24942900,0.02328611799090585,249.27504466544161232,248.80112539470164279,247.00212640802121200,251.31399820000001455,266.51666614285716150,37.71446896879543687
256.89999399999999241,261.10000600000000759,262.20001200000001518,252.72000099999999634,28028500,0.03874922406608361,258.32496582836415655,257.83384093624505340,255.96952935871348700,252.16600020000001336,265.82285628571429470,37.84776016709503921
268.92999300000002449,267.48001099999999042,270.32000699999997551,263.60000600000000759,25199900,0.02443510093216927,270.42169277725719212,269.90756970647299795,267.95595697309403249,255.44400319999999738,265.48952295238098031,43.50378201916630871
269.26001000000002250,272.86999500000001717,273.60000600000000759,267.48998999999997750,20838700,0.02015097868378679,270.75354031419323064,270.23878633812563521,268.28477868638054815,259.69000240000002577,265.32142776190477207,50.69386624185029433
272.01001000000002250,274.50000000000000000,278.47000100000002476,272.00000000000000000,21954000,0.00597355894699958,273.51879400286401278,272.99878275359719737,271.02481847686982519,265.46200260000000526,265.40285590476190691,50.92541167890151144
278.14001500000000533,278.01001000000002250,280.10000600000000759,271.51001000000002250,19087000,0.01278692167577411,279.68280088934409378,279.15107069062372602,277.13262124628744232,270.79200439999999617,265.92285657142861055,56.32585280162220442
278.14001500000000533,282.04998799999998482,285.39001500000000533,277.80999800000000732,19373600,0.01453177171570186,279.68280088934409378,279.15107069062372602,277.13262124628744232,274.98200080000003709,266.58666623809523344,57.51695376963527906
282.52999899999997524,272.14001500000000533,283.45001200000001518,268.11999500000001717,35346200,-0.03513552001994757,284.09713523450977846,283.55701254661556732,281.50670518796425768,275.91400160000000596,266.81238152380950623,55.81304983330404923
277.17999300000002449,265.00000000000000000,286.79000899999999774,264.70001200000001518,37758800,-0.02623654959378174,278.71745384326953854,278.18755895288779811,276.17607634456192045,274.34000260000004801,266.24095295238095105,47.59207362083331105
265.29998799999998482,258.32998700000001691,266.55999800000000732,254.85000600000000759,30389500,-0.02516986037735847,266.77155288047777049,266.26436941987515183,264.33909946775759181,271.10599999999999454,265.36238095238093138,44.44443268665548885
259.51998900000000958,262.01001000000002250,264.17001299999998309,254.91000399999998649,22914300,0.01424543485151042,260.95949340583655385,260.46335977571902731,258.58003501358001586,267.90600000000006276,264.89285785714281474,53.39640843065913600
264.00000000000000000,267.07998700000001691,268.85000600000000759,263.26998900000000958,17320800,0.01935031795159281,265.46435411239497171,264.95965588527297996,263.04381988697264205,264.91199979999998959,264.60333323809527428,60.59922609299461271
265.61999500000001717,266.64999399999999241,269.20001200000001518,263.83999599999998509,14223400,-0.00160997836202537,267.09333489398704842,266.58553966457549222,264.65794743620676854,263.81399560000005522,264.49428523809524449,59.96547496233003471
267.01001000000002250,266.48998999999997750,268.16000400000001491,264.00000000000000000,16060000,-0.00060005251678352,268.49106002346258038,267.98060745273977545,266.04292794870747230,264.11199360000000524,264.28095138095238781,65.00647394679950253
266.79998799999998482,268.10000600000000759,269.17001299999998309,265.67001299999998309,12454400,0.00604156276188839,268.27987307429816610,267.76982201013237272,265.83366662620630905,266.06599740000001475,264.50904700000000958,62.80600118105872554
268.75000000000000000,266.57998700000001691,269.85998499999999467,265.00000000000000000,13755200,-0.00566959703835290,270.24070139282633818,269.72692242108752225,267.77661588872689435,266.97999280000004774,264.40618971428568784,54.79522187734812633
266.44000199999999268,269.45001200000001518,273.39001500000000533,265.75000000000000000,14613400,0.01076609325515498,267.91789030543645822,267.40852743936153502,265.47498445747208962,267.45399780000002465,264.49571376190476713,51.83665832028640352
272.45001200000001518,271.86999500000001717,273.79998799999998482,267.72000100000002476,14687200,0.00898119462692759,273.96123660414491496,273.44038418734277229,271.46322683610435433,268.49799799999999550,265.21142800000001216,49.01302869240080184
271.89001500000000533,270.39001500000000533,273.57998700000001691,268.48998999999997750,12828600,-0.00544370481192680,273.39813341509233169,272.87835156455190599,270.90525808608447278,269.27800300000001243,266.13047652380953423,45.93151428660407021
270.51998900000000958,270.50000000000000000,271.17999300000002449,268.33999599999998509,9097600,0.00040676428084807,272.02050816051968241,271.50334543760544648,269.54019417553723770,269.75800179999998818,267.02857180952383942,42.02927982314744071
270.79998799999998482,273.97000100000002476,276.60000600000000759,270.04998799999998482,15417200,0.01282809981515731,272.30206025781933477,271.78436225081833300,269.81917904873620273,271.23600460000000112,268.37761952380952835,41.31931050203757394
271.23998999999997750,273.57000699999997551,273.97000100000002476,269.57998700000001691,12763200,-0.00145999196459490,272.74450285910023695,272.22596368456390792,270.25758740797067503,272.06000359999995908,269.43523885714284916,51.93085460264837394
269.57000699999997551,269.39001500000000533,271.95001200000001518,266.02999899999997524,15249100,-0.01527942352247691,271.06525680427569114,270.54991019587356504,268.59365290999227227,271.56400759999996808,269.83000119047619592,56.44263920712661076
269.85998499999999467,261.55999800000000732,270.26998900000000958,260.14999399999999241,25622600,-0.02906572836413401,271.35684325305146558,270.84094228335197840,268.88258064030736705,269.79800420000003669,269.54809580952377246,54.58417566682991406
257.95001200000001518,260.32998700000001691,263.07000699999997551,257.52999899999997524,17434900,-0.00470259599864342,259.38080806388080646,258.88767581485620894,257.01574430443349684,267.76400160000002870,268.95095257142855871,47.43742655010004938
259.50000000000000000,265.85998499999999467,267.45999100000000226,254.96000699999999028,21924600,0.02124226280547536,260.93939353093367117,260.44329811450126044,258.56011841162654719,266.14199839999997721,268.53952328571426733,48.16485959784976956
262.32998700000001691,264.30999800000000732,266.38000499999998283,258.39001500000000533,15736100,-0.00583008759291093,263.78507789116656568,263.28357228753083064,261.37985549765107862,264.28999659999999494,267.88714176190472926,46.59488477477833612
262.29998799999998482,254.69000199999999268,266.94000199999999268,254.03999300000000972,19053100,-0.03639664058413716,263.75491249283692241,263.25346423936071005,261.34996515086015734,261.34999400000003789,266.58428528571431571,36.53584331028361021
256.47000100000002476,257.61999500000001717,265.54998799999998482,256.47000100000002476,26619500,0.01150415397931481,257.89258774496323667,257.40228488581675492,255.54109374793827669,260.56199340000000575,265.89285576190479787,38.39165328846728187
260.82000699999997551,264.91000400000001491,266.64999399999999241,257.89999399999999241,22157300,0.02829752791509832,262.26672234032321285,261.76810341937300564,259.87534448570812629,261.47799680000002809,265.88857023809526936,48.35986647880825018
265.77999899999997524,259.00000000000000000,266.70999100000000226,258.64999399999999241,15191700,-0.02230947835401498,267.25422640351501968,266.74612528874314421,264.81737191862032432,260.10599980000000642,265.92047561904763597,40.31508648293464603
260.29000899999999774,255.41000399999998649,260.98998999999997750,255.10000600000000759,15513500,-0.01386098841698846,261.73378454960027284,261.23617884475225992,259.34726608247916602,258.32600100000001930,265.60618961904759772,35.06893863481003848
256.47000100000002476,257.64001500000000533,266.48998999999997750,253.50000000000000000,31626500,0.00873110279580125,257.89258774496323667,257.40228488581675492,255.54109374793827669,258.91600360000001047,265.15666714285714534,38.58958173505443057
260.67001299999998309,264.27999899999997524,265.45001200000001518,255.61000100000001112,26820100,0.02577233198810358,262.11589635422194533,261.61756418215765052,259.72589374813190943,260.24800440000001345,265.04381023809520457,45.01602428064373385
265.54998799999998482,255.30999800000000732,265.57998700000001691,255.05000300000000379,18391800,-0.03394127831822780,267.02293957944783642,266.51527818491803146,264.58819399416569240,258.32800320000001193,264.51142966666662915,36.25920108710466394
261.17999300000002449,265.73998999999997750,268.52999899999997524,259.80999800000000732,22039700,0.04085226619288118,262.62870510918503442,262.12939799014395703,260.23402665444240256,259.67600119999997332,264.39904795238095403,44.97624925941541107
268.64001500000000533,264.89999399999999241,268.97000100000002476,262.86999500000001717,14210300,-0.00316096948750533,270.13010632848141768,269.61653761899458459,267.66702924277893771,261.57399920000000293,264.31904828571430244,46.99019888659329780
268.10998499999999467,273.88000499999998283,277.89999399999999241,267.82000699999997551,21834000,0.03389962704189409,269.59713636026100403,269.08458092805187789,267.13891895545054922,264.82199719999999843,264.53000033333330521,58.13309267842645056
269.14001500000000533,268.39999399999999241,269.73998999999997750,264.01998900000000958,20600200,-0.02000880276017225,270.63287972642154955,270.11835514908034384,268.16521829559513890,265.64599620000001323,264.36476219047619907,55.04438561680511555
269.07998700000001691,273.75000000000000000,275.95999100000000226,268.50000000000000000,16844800,0.01993295871683221,270.57251876335845964,270.05810894368835307,268.10540771067024934,269.33399659999997766,264.52476147619046287,54.94299918342311173
276.07998700000001691,279.27999899999997524,282.14001500000000533,274.79998799999998482,22437700,0.02020090958904097,277.61134633452047638,277.08355436488875512,275.08005445009757750,272.04199839999995447,264.94285666666667112,58.93304654019071620
275.70999100000000226,284.01001000000002250,286.23001099999999042,275.41000400000001491,21315000,0.01693644735368260,277.23929804223195106,276.71221340716556369,274.71139853652596230,275.86400159999999460,265.42095233333333226,68.58048104015787771
279.86999500000001717,278.61999500000001717,285.19000199999999268,278.27999899999997524,18728300,-0.01897825713959878,281.42237673528109099,280.88733927201923279,278.85633544146946861,276.81199959999997873,265.66142795238090457,62.90559742308897739
281.22000100000002476,290.10998499999999467,292.79998799999998482,281.20001200000001518,38930500,0.04123892831165965,282.77987094300027593,282.24225262506109857,280.20145186234196899,281.15399779999995644,266.64809319047617464,64.72649196335572697
290.45001200000001518,293.54000899999999774,299.70999100000000226,286.75000000000000000,28273100,0.01182318492071199,292.06107892999006026,291.50581527042959351,289.39803273748884749,285.11199959999999010,268.17095085714288416,70.78718672366665032
293.14999399999999241,290.63000499999998283,298.00000000000000000,289.80999800000000732,23000900,-0.00991348337800191,294.77603717902445624,294.21561186746146177,292.08823568789057390,287.38200080000001435,269.61380885714288524,71.37134556524266316
291.00000000000000000,282.14001500000000533,291.72000100000002476,281.16000400000001491,18675000,-0.02921236573629060,292.61411760116260439,292.05780250990318336,289.94602873904943863,287.00800179999998818,270.38904838095237437,63.81682303437872861
280.98001099999999042,278.73998999999997750,288.05999800000000732,277.75000000000000000,24505600,-0.01205084291216196,282.53854976745691374,282.00139024697051582,279.96233108077120733,287.03200079999999161,271.07619085714287621,58.46404723948089099
278.29998799999998482,283.01998900000000958,284.50000000000000000,277.76998900000000958,17629200,0.01535480789821375,279.84366122692148338,279.31162520210449429,277.29201484097973207,285.61400159999999460,272.42523785714286078,67.16212433004983495
285.76998900000000958,290.82000699999997551,293.17999300000002449,284.70001200000001518,21718800,0.02755995443134562,287.35509679769398872,286.80878010522059185,284.73496028643245381,285.07000119999997878,274.00619080952378681,66.05632855855918706
289.82998700000001691,288.00000000000000000,292.47000100000002476,286.70001200000001518,17474500,-0.00969674345685567,291.43761477787438707,290.88353644224673644,288.78025340254407638,284.54400019999997085,275.10571442857138891,64.42306085743388167
289.98998999999997750,294.52999899999997524,296.50000000000000000,288.60998499999999467,19498200,0.02267360763888870,291.59850528185558005,291.04412106277931116,288.93967688857952680,287.02199699999999893,276.79761914285711555,63.30024985927493475
298.39999399999999241,298.66000400000001491,302.39999399999999241,296.60000600000000759,17616000,0.01402235770217763,300.05515785739595458,299.48469593336182015,297.31922074246108423,291.00599979999998368,278.85714295238096838,69.83480171995599051
300.89001500000000533,308.91000400000001491,310.76998900000000958,300.67999300000002449,28237000,0.03431996203951027,302.55899049562060554,301.98376830952508953,299.80022314942613093,296.18400280000003022,281.29857099999998127,71.65555971448466721
308.83999599999998509,306.26001000000002250,311.35000600000000759,305.25000000000000000,17335200,-0.00857853085262983,310.55306841747972157,309.96264796882223891,307.72141015802026232,299.27200340000001688,283.29761914285711555,67.22859711984207820
306.33999599999998509,313.08999599999998509,314.25000000000000000,305.50000000000000000,22855200,0.02230126616922656,308.03920142777900537,307.45356031839355637,305.23046489393908587,304.29000260000003664,286.04904761904765564,68.08455581175215343
314.85000600000000759,313.01998900000000958,315.88000499999998283,310.04998799999998482,20894100,-0.00022360024559831,316.59641471618817832,315.99450471680353303,313.70965253665252703,307.98800060000002077,288.30047614285712143,72.90887853454756851
311.39999399999999241,312.45999100000000226,314.73998999999997750,310.32998700000001691,15988600,-0.00178901673911946,313.12726620383966747,312.53195171559116261,310.27213611568322449,310.74799799999999550,290.56523790476194335,67.42009858884614459
311.04998799999998482,311.54000899999999774,312.14999399999999241,307.92999300000002449,10881900,-0.00294431935767414,312.77531879200074627,312.18067342272075848,309.92339780044318331,311.27399900000000343,292.35857142857139479,64.60090518473926124
312.20999100000000226,309.76001000000002250,314.42999300000002449,309.32000699999997551,14036900,-0.00571354865692375,313.94175609186231668,313.34489310342490853,311.07919939211120663,311.97399899999999207,294.32809599999995953,65.80730635819278973
307.29998799999998482,302.82000699999997551,308.02999899999997524,301.95001200000001518,17421400,-0.02240445111039369,309.00451830744970039,308.41704194707767783,306.18697990432144707,309.92000120000000152,295.71238204761903035,67.53730010480659018
306.33999599999998509,307.82000699999997551,310.14001500000000533,304.10000600000000759,14558300,0.01651145857083347,308.03920142777900537,307.45356031839355637,305.23046489393908587,308.88000479999999470,297.07143004761906013,74.00926225277061121
308.17001299999998309,306.17999300000002449,308.95001200000001518,304.60998499999999467,13059200,-0.00532783432754569,309.87936915853543951,309.29022954030335768,307.05385376567431877,307.62400519999999915,298.12714352380953642,69.99309323347522138
305.01001000000002250,302.23998999999997750,307.70001200000001518,300.55999800000000732,14553500,-0.01286825752850562,306.70183826691339846,306.11873973925634118,303.90529596274143387,305.76400139999998373,299.25190519047617954,60.56232300567830862
301.98998999999997750,302.64999399999999241,305.10000600000000759,297.20999100000000226,16796400,0.00135655113011368,303.66506683241897235,303.08774178483719197,300.89621415616920785,304.34199819999997771,299.84904847619048951,64.18199003082168019
301.95001200000001518,301.47000100000002476,301.98001099999999042,297.39001500000000533,14863500,-0.00389887005912171,303.62486708261332069,303.04761846240171508,300.85638095226227051,304.07199700000001030,300.22666714285713851,57.49460453423881034
301.32998700000001691,296.51998900000000958,302.92001299999998309,296.04000899999999774,16375400,-0.01641958398374777,303.00140293049764750,302.42533963421885801,300.23860161731749940,301.81199340000000575,300.50714257142857377,47.72918587958253767
298.76001000000002250,301.13000499999998283,302.58999599999998509,297.14999399999999241,17536800,0.01554706654194549,300.41717079266163637,299.84602061318452115,297.67793280253846433,300.80199579999998605,301.41142780952384328,40.62199019185403870
303.33999599999998509,303.04000899999999774,305.79998799999998482,301.55999800000000732,16172600,0.00634278872342864,305.02256104013815730,304.44265513787905775,302.24133057704170824,300.96199960000001283,302.56857157142854930,46.04811077539695674
304.27999899999997524,303.57000699999997551,305.33999599999998509,301.10998499999999467,15309300,0.00174893738206028,305.96777804490596964,305.38607510534541234,303.17792898547054392,301.14600219999999808,303.54714385714282798,36.17889100164332206
307.35998499999999467,307.10000600000000759,310.92001299999998309,305.36999500000001717,33907200,0.01162828645321357,309.06484809856215179,308.47725703978278489,306.24675960152507059,302.27200319999997191,304.32238190476192585,42.19000119393060544
330.11999500000001717,329.51001000000002250,331.80999800000000732,321.60998499999999467,56526800,0.07297298457232859,331.95110322826536731,331.32000104563650211,328.92433524950121182,308.87000740000001997,306.29904904761906437,64.26779092382396641
326.14001500000000533,325.07998700000001691,329.82000699999997551,324.50000000000000000,26332400,-0.01344427442431873,327.94904709159777667,327.32555357885519243,324.95877031664610968,313.66000380000002679,307.75381038095235908,60.70183574878006283
326.17001299999998309,322.57998700000001691,328.54998799999998482,321.83999599999998509,18719500,-0.00769041497469980,327.97921148438052796,327.35566062339017890,324.98865966705881192,317.56799940000001925,308.89285719047614975,60.01872645565751441
320.01998900000000958,318.35998499999999467,322.19000199999999268,313.11999500000001717,24032600,-0.01308203289127174,321.79507455659370407,321.18328091609407693,318.86091040434462229,320.52599500000002308,309.34285628571427651,62.68361062324576238
318.19000199999999268,315.01998900000000958,321.05999800000000732,314.48998999999997750,15577600,-0.01049125567712283,319.95493699224113016,319.34664180323602523,317.03755142395255007,322.10999160000000074,309.75999814285717093,56.04024646414835331
314.51998900000000958,320.01998900000000958,320.23998999999997750,313.26998900000000958,19012200,0.01587200868069361,316.26456717925213979,315.66328808515089577,313.38083082336601137,320.21198740000005500,310.08999780952376568,60.99109286024434340
322.38000499999998283,319.07998700000001691,322.94000199999999268,318.75000000000000000,15916700,-0.00293732276829739,324.16818108361991335,323.55187571625975806,321.21237867568692081,319.01198740000000953,310.37856914285714538,64.04268021577635750
314.35000600000000759,305.97000100000002476,314.57998700000001691,304.82998700000001691,24239200,-0.04108683256277046,316.09364131824804645,315.49268718671777378,313.21146348383626901,315.68999020000001110,310.06952200000000630,52.28461698373806144
300.75000000000000000,306.52999899999997524,306.83999599999998509,299.69000199999999268,18920100,0.00183023825267092,302.41819886099540327,301.84324434657514757,299.66071526896604382,313.32399299999997311,309.83095009523810859,53.51193447421736238
301.13000499999998283,302.54998799999998482,304.95999100000000226,298.19000199999999268,24645500,-0.01298408316635913,302.80031167116385404,302.22463068761561544,300.03934393099689260,310.82999280000001363,309.48761571428576644,54.24229329605402938
306.07998700000001691,305.26001000000002250,308.85998499999999467,302.76998900000000958,18079200,0.00895727022801940,307.77775021092895713,307.19260617003345715,304.97139761907175171,307.87799699999999348,309.60380633333335254,52.98539996612698388
309.54000899999999774,315.94000199999999268,316.85000600000000759,309.07998700000001691,19245700,0.03498654147328351,311.25696424670422857,310.66520555819806759,308.41888778487839318,307.25000000000000000,309.99047276190475486,58.27558861823936098
313.54998799999998482,315.45999100000000226,315.67999300000002449,311.57998700000001691,15401300,-0.00151931061898258,315.28918578170146247,314.68976107314949786,312.41434306452435976,309.14799800000002961,310.43237742857144212,57.63254395818434972
315.58999599999998509,309.95999100000000226,316.50000000000000000,309.80999800000000732,14522400,-0.01743485753158469,317.34050928967161553,316.73718462497981818,314.44696237103948988,309.83399640000004638,310.79999652380951147,51.79062316354509932
304.19000199999999268,313.58999599999998509,314.66000400000001491,303.57000699999997551,19106200,0.01171120501161704,305.87728184991715352,305.29575096083522112,303.08825794509795060,312.04199800000003506,311.32094899999998461,36.96790971742519361
313.57998700000001691,318.60998499999999467,319.25000000000000000,313.16000400000001491,17320200,0.01600812865216539,315.31935118003110574,314.71986912131961844,312.44423341131528105,314.71199300000000676,312.13713871428569746,44.75433717268166589
319.29000899999999774,316.23001099999999042,319.92999300000002449,315.80999800000000732,13600900,-0.00746986633202973,321.06104550653702745,320.45064739487008865,318.13357431479499837,314.76999480000006315,313.07571119047617003,44.84161069210928474
318.20999100000000226,324.63000499999998283,325.95001200000001518,318.02999899999997524,16445400,0.02656292479463618,319.97503686714401283,319.36670346445384894,317.05746802590601874,316.60399760000001379,314.19475880952381885,54.76952830352298207
327.07998700000001691,327.79000899999999774,329.17999300000002449,324.79998799999998482,16437000,0.00973417106037378,328.89423292441495050,328.26894243363472015,325.89533783735367933,320.17000120000000152,315.37333023809526367,59.74067302651527456
328.35000600000000759,327.66000400000001491,329.82998700000001691,325.82000699999997551,9686900,-0.00039661062396801,330.17129646057202308,329.54357802911863473,327.16075696269086848,322.98400279999998475,316.52047295238094193,56.29533279609971430
328.00000000000000000,332.75000000000000000,333.77999899999997524,326.76001000000002250,20477700,0.01553438301245946,329.81934904873315872,329.19229973624823060,326.81201864745088415,325.81200580000000855,317.74190123809523811,60.54297064720991273
331.00000000000000000,328.73001099999999042,332.86999500000001717,328.32998700000001691,12037400,-0.01208110894064618,332.83598943637400680,332.20320491676267238,329.80115296434831862,328.31200580000006539,317.70475842857143789,70.41623078870304653
330.14999399999999241,329.13000499999998283,331.42001299999998309,326.64001500000000533,11765900,0.00121678577134832,331.98126862659495373,331.35010909380656585,328.95422559629207626,329.21200580000004265,317.89761642857143897,70.33106485489221882
330.38000499999998283,329.14999399999999241,331.86999500000001717,327.11999500000001717,11654300,0.00006073284020403,332.21255545066219383,331.58095619763167861,329.18340352074670818,329.48400279999998475,318.21047390476189776,75.76523106447731948
325.77999899999997524,326.04000899999999774,327.38000499999998283,323.48001099999999042,12610800,-0.00944853427522774,327.58703415633209488,326.96422889903243458,324.60005825656867273,329.16000380000002679,318.57618933333333189,69.97311434135615116
325.89999399999999241,330.35000600000000759,332.45999100000000226,325.17999300000002449,13289400,0.01321922733721914,327.70769474410377597,327.08466008807772596,324.71961864735408199,328.68000499999999420,319.30619014285713320,65.78316042179430667
329.48001099999999042,336.57998700000001691,337.69000199999999268,328.92999300000002449,20136700,0.01885872827863677,331.30756936765072851,330.67769066528768462,328.28666920394607587,330.25000019999998813,320.09476147619051289,70.54478236164732152
336.70001200000001518,333.67999300000002449,338.29998799999998482,332.23998999999997750,14580500,-0.00861606189318675,338.56761823945316792,337.92393680336090256,335.48052012299069702,331.15999779999998509,320.78999985714284549,74.30333253169230545
335.73998999999997750,330.25000000000000000,336.79998799999998482,330.00000000000000000,13727900,-0.01027928875555939,337.60227119337855584,336.96042506562491781,334.52397522126511831,331.37999899999999798,321.94619028571423769,67.13996272089868000
